Job ID,Job Title,Organization,Salary,Location,Closing Date
223924,Caseworker (1),"Ministry of Children, Community and Social Services","$1,345.09  - $1,615.77 Per Week","Sault Ste Marie, North Region","Tuesday, December 17, 2024 11:59 pm EST"
223591,Contract Services Inspector - Seasonal (1),Ministry of Transportation,"$1,124.14  - $1,361.46 Per Week","Marathon, Rossport, North Region","Tuesday, December 17, 2024 11:59 pm EST"
223797,Customer Service Positions - English & Bilingual (English/French) - Open to all levels of experience (10),Ministry of Public and Business Service Delivery and Procurement,$28.81  - $33.40 Per Hour,"London, West Region","Tuesday, December 17, 2024 11:59 pm EST"
223871,Data Science Developer (2),Ministry of Public and Business Service Delivery and Procurement,"$1,512.75  - $1,933.38 Per Week","Oshawa, Central Region; Kingston, Peterborough, East Region; North Bay, Thunder Bay, North Region; Toronto, Toronto Region; Guelph, St Catharines, West Region","Tuesday, December 17, 2024 11:59 pm EST"
223803,Food Safety Inspector (1),"Ministry of Agriculture, Food and Rural Affairs","$1,349.34  - $1,697.54 Per Week","Guelph, West Region","Tuesday, December 17, 2024 11:59 pm EST"
221430,Legislative Design Specialist (1),Ministry of Finance,"$82,217.00  - $121,155.00 Per Year","Toronto, Toronto Region","Tuesday, December 17, 2024 11:59 pm EST"
219560,Medical Clerk (1),Ministry of the Solicitor General,$26.92  - $31.31 Per Hour,"Penetanguishene, Central Region","Tuesday, December 17, 2024 11:59 pm EST"
223293,Park Superintendent (1),"Ministry of the Environment, Conservation and Parks","$80,041.00  - $115,335.00 Per Year","Bancroft, East Region","Tuesday, December 17, 2024 11:59 pm EST"
223470,Park Superintendent (1),"Ministry of the Environment, Conservation and Parks","$75,143.00  - $105,055.00 Per Year","Restoule, South River, North Region","Tuesday, December 17, 2024 11:59 pm EST"
224130,Policy Advisor (1),Ministry of Red Tape Reduction,"$82,217.00  - $121,155.00 Per Year","Toronto, Toronto Region","Tuesday, December 17, 2024 11:59 pm EST"
223998,Utility Plant Electrician Operator (1),Ontario Clean Water Agency,$34.62  - $37.58 Per Hour,"North York, Toronto Region","Tuesday, December 17, 2024 11:59 pm EST"
223822,Amended - Probation and Parole Officer (Bilingual - English/French) (1),Ministry of the Solicitor General,"$1,506.53  - $1,861.87 Per Week","Sarnia, West Region","Monday, December 23, 2024 11:59 pm EST"
218874,Amended - Registered Social Worker (Part-Time) (1),"Ministry of Children, Community and Social Services","$1,352.75  - $1,717.58 Per Week","London, West Region","Wednesday, December 18, 2024 11:59 pm EST"
223144,Amended - Social Worker (1),Ministry of the Solicitor General,"$1,352.75  - $1,717.58 Per Week","London, West Region","Monday, December 30, 2024 11:59 pm EST"
223372,Case Coordinator (2),Ministry of Health,$29.53  - $34.75 Per Hour,"Toronto, Toronto Region","Monday, December 16, 2024 11:59 pm EST"
224051,Correctional Officer - Unilingual (English) and Bilingual (English/French) (204),Ministry of the Solicitor General,$32.15  - $37.79 Per Hour,"Any City, Anywhere in Ontario","Friday, January 24, 2025 11:59 pm EST"
223733,"Director, Laboratory Services Branch (1)","Ministry of the Environment, Conservation and Parks","$152,593.00  - $192,232.00 Per Year","Etobicoke, Toronto Region","Friday, December 20, 2024 11:59 pm EST"
223370,Distribution Coordinator (1),Ministry of Health,$28.14  - $32.82 Per Hour,"Toronto, Toronto Region","Monday, December 16, 2024 11:59 pm EST"
223109,Financial Officer (1),Ministry of Health,"$1,246.48  - $1,525.83 Per Week","Toronto, Toronto Region","Monday, December 16, 2024 11:59 pm EST"
223668,Lead Consultant (1),Treasury Board Secretariat,"$88,496.00  - $128,625.00 Per Year","Toronto, Toronto Region","Monday, December 23, 2024 11:59 pm EST"
223836,"Director, Telecommunications Branch (1)",Ministry of Public and Business Service Delivery and Procurement,"$152,593.00  - $192,232.00 Per Year","Oshawa, Central Region; Kingston, Peterborough, East Region; North Bay, North Region; Toronto, Toronto Region; Guelph, St Catharines, West Region","Friday, December 20, 2024 11:59 pm EST"
224111,Food Services Officer (2),Ministry of the Solicitor General,$25.62  - $27.70 Per Hour,"Thunder Bay, North Region","Friday, December 20, 2024 11:59 pm EST"
223083,I&IT Senior Solutions Designer (1),Ministry of Public and Business Service Delivery and Procurement,"$88,496.00  - $128,625.00 Per Year","North York, Toronto Region","Friday, December 20, 2024 11:59 pm EST"
213592,Information Analyst (1),Ministry of Public and Business Service Delivery and Procurement,"$82,217.00  - $121,155.00 Per Year","Toronto, Toronto Region","Friday, December 20, 2024 11:59 pm EST"
223904,Inmate Records Clerk (1),Ministry of the Solicitor General,$26.92  - $31.31 Per Hour,"Kenora, North Region","Friday, December 20, 2024 11:59 pm EST"
221604,IT Strategy & Policy Lead (1),Ministry of Public and Business Service Delivery and Procurement,"$88,496.00  - $128,625.00 Per Year","Toronto, Toronto Region","Friday, December 20, 2024 11:59 pm EST"
223991,Maintenance Mechanic (1),Ministry of the Solicitor General,$29.46  - $31.96 Per Hour,"London, West Region","Monday, January 6, 2025 11:59 pm EST"
223213,"Manager, Product Management (1)",Ministry of Public and Business Service Delivery and Procurement,"$92,920.00  - $135,056.00 Per Year","Oshawa, Central Region; Kingston, Peterborough, East Region; North Bay, Thunder Bay, North Region; Toronto, Toronto Region; Guelph, St Catharines, West Region","Friday, December 20, 2024 11:59 pm EST"
224040,Park Warden - Stewardship (1),"Ministry of the Environment, Conservation and Parks",$25.78  - $28.72 Per Hour,"Picton, East Region","Friday, December 20, 2024 11:59 pm EST"
224117,Policy Advisor (1),Ministry of Education,"$76,231.00  - $109,842.00 Per Year","Toronto, Toronto Region","Friday, December 20, 2024 11:59 pm EST"
221868,Learning Analyst (1),Ministry of the Attorney General,"$82,217.00  - $121,155.00 Per Year","Toronto, Toronto Region","Monday, December 16, 2024 11:59 pm EST"
221468,"Manager, Strategic Mandates Agreement (1)",Ministry of Colleges and Universities,"$105,307.00  - $148,429.00 Per Year","Toronto, Toronto Region","Monday, December 16, 2024 11:59 pm EST"
223128,Operations Manager (1),Ministry of Health,"$80,041.00  - $115,335.00 Per Year","London, West Region","Monday, December 16, 2024 11:59 pm EST"
219290,Policy Advisor (1),"Ministry of Tourism, Culture and Gaming","$71,563.00  - $100,052.00 Per Year","Toronto, Toronto Region","Monday, December 16, 2024 11:59 pm EST"
223858,Policy Advisor (2),Ministry of Red Tape Reduction,"$82,217.00  - $121,155.00 Per Year","Toronto, Toronto Region","Friday, December 20, 2024 11:59 pm EST"
223663,Program Advisor (1),Ministry for Seniors and Accessibility,"$71,563.00  - $100,052.00 Per Year","Toronto, Toronto Region","Monday, December 16, 2024 11:59 pm EST"
222877,Program Development Officer (1),Ministry of the Solicitor General,"$82,217.00  - $121,155.00 Per Year","Toronto, Toronto Region","Monday, December 16, 2024 11:59 pm EST"
224124,Program Lead (1),"Ministry of Labour, Immigration, Training and Skills Development","$82,217.00  - $121,155.00 Per Year","Toronto, Toronto Region","Monday, December 16, 2024 11:59 pm EST"
223302,Program Supervisor (1),"Ministry of Children, Community and Social Services","$88,496.00  - $128,625.00 Per Year","Toronto, Toronto Region","Monday, December 16, 2024 11:59 pm EST"
223335,Program/Policy Officer - Bilingual (English/French) (1),Ministry of Health,"$71,563.00  - $100,052.00 Per Year","Toronto, Toronto Region","Monday, December 16, 2024 11:59 pm EST"
223757,Student – Environmental Assistant (38),Various Ministries,$17.20  - $18.05 Per Hour,"Ajax, Burlington, Barrie, Dorset, Midhurst, Central Region; Cornwall, Kemptville, Kingston, Ottawa, Peterborough, East Region; Kenora, North Bay, Sudbury, Thunder Bay, North Region; Etobicoke, Toronto, Toronto Region; Guelph, London, Owen Sound, Sarnia, Windsor, West Region","Monday, February 17, 2025 11:59 pm EST"
223806,Student – Fire Assistant (14),Various Ministries,$17.20  - $18.05 Per Hour,"Midhurst, Central Region; Armstrong, Dryden, Fort Frances, Garson, Kenora, Pickle Lake, Sioux Lookout, Thunder Bay, North Region","Saturday, January 25, 2025 11:59 pm EST"
223721,Student – Fish and Wildlife Jobs (85),Various Ministries,$17.20  - $18.05 Per Hour,"Bracebridge, Sutton West, Central Region; Codrington, Harwood, Lindsay, Picton, Peterborough, Sharbot Lake, East Region; Dorion, Englehart, North Bay, Redbridge, Rosslyn, Sudbury, Sault Ste Marie, South Porcupine, Tehkummah, Thunder Bay, Whitney, North Region; Chatsworth, Owen Sound, Port Dover, Vittoria, Wheatley, West Region","Tuesday, February 4, 2025 11:59 pm EST"
223778,Student – Geographic Information Systems (GIS) Assistant (22),Various Ministries,$17.20  - $18.05 Per Hour,"Georgetown, Central Region; Kingston, Peterborough, East Region; North Bay, Sudbury, Sault Ste Marie, Thunder Bay, North Region; North York, Toronto, Toronto Region; London, St Catharines, West Region","Tuesday, January 28, 2025 11:59 pm EST"
223776,Student – Geological Assistant (13),Various Ministries,$18.05  - $18.05 Per Hour,"Tweed, East Region; Kenora, Red Lake, Sudbury, Sault Ste Marie, South Porcupine, Swastika, Thunder Bay, North Region","Tuesday, January 21, 2025 11:59 pm EST"
223782,Student – Human Resources Assistant Positions (61),Various Ministries,$17.20  - $18.05 Per Hour,"Orillia, Oshawa, Central Region; Kingston, Peterborough, East Region; Sudbury, North Region; North York, Toronto, Toronto Region; London, West Region","Tuesday, January 28, 2025 11:59 pm EST"
223712,Student – Information Management Jobs (36),Various Ministries,$17.20  - $18.05 Per Hour,"Peterborough, East Region; Sudbury, Thunder Bay, North Region; North York, Toronto, Toronto Region; Hamilton, London, West Region","Monday, February 3, 2025 11:59 pm EST"
223724,Student – Information Technology Jobs (160),Various Ministries,$17.20  - $18.05 Per Hour,"Brampton, Milton, Mississauga, Oshawa, Central Region; Peterborough, East Region; Dryden, Garson, North Bay, North Region; Downsview, Etobicoke, North York, Toronto, Toronto Region; Guelph, Hamilton, St Catharines, West Region","Saturday, February 15, 2025 11:59 pm EST"
223761,Student – Kitchen Helper (3),Various Ministries,$18.05  - $18.05 Per Hour,"Whitney, North Region; Scarborough, Toronto Region","Tuesday, February 4, 2025 11:59 pm EST"
223774,Student – Laboratory Assistant (27),Various Ministries,$17.20  - $18.05 Per Hour,"Mississauga, Central Region; Sudbury, Sault Ste Marie, North Region; Downsview, Etobicoke, North York, Toronto, Toronto Region","Tuesday, January 21, 2025 11:59 pm EST"
223859,Water Compliance Officer (1),"Ministry of the Environment, Conservation and Parks","$1,584.94  - $1,948.86 Per Week","London, Sarnia, Windsor, West Region","Monday, December 23, 2024 11:59 pm EST"
224016,Administrative Assistant (1),"Ministry of Labour, Immigration, Training and Skills Development","$58,996.00  - $80,232.00 Per Year","Windsor, West Region","Friday, December 20, 2024 11:59 pm EST"
224141,Amended - Administrative Support Clerk (3),"Ministry of Children, Community and Social Services",$26.92  - $31.31 Per Hour,"Peterborough, East Region","Friday, December 20, 2024 11:59 pm EST"
224263,Amended - Assistant Crown Attorney (1),Ministry of the Attorney General,Salary Commensurate With Legal Experience,"Thunder Bay, North Region","Friday, December 20, 2024 11:59 pm EST"
224345,Amended - Court Officer (1),Ministry of the Solicitor General,$35.43  - $40.84 Per Hour,"Wawa, North Region","Friday, December 20, 2024 11:59 pm EST"
224256,Assistant Crown Attorney (5),Ministry of the Attorney General,Salary Commensurate With Legal Experience,"Newmarket, Central Region","Friday, December 20, 2024 11:59 pm EST"
224047,Assistant Crown Attorney (2),Ministry of the Attorney General,Salary Commensurate With Legal Experience,"Toronto, Toronto Region","Friday, December 20, 2024 11:59 pm EST"
224161,Assistant Trial Coordinator (1),Ministry of the Attorney General,$28.14  - $32.82 Per Hour,"Oshawa, Central Region","Friday, December 20, 2024 11:59 pm EST"
220891,Chartered Professional Accountants (CPA) Candidate - Office of the Provincial Controller Division (OPCD) (2),Treasury Board Secretariat,"$71,563.00  - $100,052.00 Per Year","Toronto, Toronto Region","Friday, December 27, 2024 11:59 pm EST"
224311,Deputy Director (1),Ministry of the Attorney General,"$202,633.00  - $256,928.00 Per Year","Toronto, Toronto Region","Friday, December 20, 2024 11:59 pm EST"
224278,"Amended - Program Advisor, Licensing and Compliance (1)",Ministry of Education,"$1,444.55  - $1,771.45 Per Week","Milton, Central Region","Wednesday, December 18, 2024 11:59 pm EST"
224236,"Assistant Commissioner, Tribunal and Dispute Resolution (1)",Legislative Assembly,Not Available,"Toronto, Toronto Region","Friday, January 3, 2025 11:59 pm EST"
224272,Chief Accountant (1),Ministry of Long - Term Care,"$105,307.00  - $148,429.00 Per Year","Toronto, Toronto Region","Wednesday, December 18, 2024 11:59 pm EST"
223717,Claims Assessor - Bilingual (English/French) (1),Ministry of Health,$28.14  - $32.82 Per Hour,"Oshawa, Central Region","Wednesday, December 18, 2024 11:59 pm EST"
223346,Communications and Issues Advisor (1),Ministry of the Solicitor General,"$82,217.00  - $121,155.00 Per Year","Toronto, Toronto Region","Wednesday, December 18, 2024 11:59 pm EST"
224232,Court Officer (1),Ministry of the Solicitor General,$35.43  - $40.84 Per Hour,"Sioux Lookout, North Region","Friday, December 27, 2024 11:59 pm EST"
224194,Customer Care Representative (3),Ministry of Public and Business Service Delivery,$28.81  - $33.40 Per Hour,"Oakville, Central Region","Wednesday, December 18, 2024 11:59 pm EST"
223269,Deputy Superintendent of Operations (1),Ministry of the Solicitor General,"$86,330.00  - $127,214.00 Per Year","Penetanguishene, Central Region","Wednesday, December 18, 2024 11:59 pm EST"
223731,Food Services Officer (1),Ministry of the Solicitor General,$25.62  - $27.70 Per Hour,"Thunder Bay, North Region","Wednesday, December 18, 2024 11:59 pm EST"
224112,Hearings Officer - (Full-Time and Irregular On-Call) (2),Ministry of the Attorney General,$43.62  - $64.27 Per Hour,"Toronto, Toronto Region","Wednesday, December 18, 2024 11:59 pm EST"
223831,Student – Youth Probation Assistant (Bilingual English/French) (1),Various Ministries,$18.05  - $18.05 Per Hour,"Ottawa, East Region","Saturday, January 18, 2025 11:59 pm EST"
216891,"Team Lead, Finance (1)",Ministry of Public and Business Service Delivery and Procurement,"$88,496.00  - $128,625.00 Per Year","Toronto, Toronto Region","Wednesday, December 18, 2024 11:59 pm EST"
223524,Technology Process Planner (1),Ministry of Public and Business Service Delivery and Procurement,"$82,217.00  - $121,155.00 Per Year","Oshawa, Central Region; Peterborough, East Region; North Bay, North Region; Toronto, Toronto Region; Guelph, St Catharines, West Region","Wednesday, December 18, 2024 11:59 pm EST"
223744,User Experience (UX) Specialist (1),Ministry of Public and Business Service Delivery and Procurement,"$76,231.00  - $109,842.00 Per Year","Oshawa, Central Region; Toronto, Toronto Region","Wednesday, December 18, 2024 11:59 pm EST"
223715,Visitor Experiences Clerk (Seasonal) - Bilingual (English/French) (1),"Ministry of Tourism, Culture and Gaming",$24.67  - $28.59 Per Hour,"Thunder Bay, North Region","Wednesday, December 18, 2024 11:59 pm EST"
224133,Water and Wastewater Technician (2),Ontario Clean Water Agency,$34.08  - $37.21 Per Hour,"Mississauga, Central Region","Wednesday, December 18, 2024 11:59 pm EST"
222065,Amended - Senior Policy Advisor (6),Ministry of Public and Business Service Delivery and Procurement,"$88,496.00  - $128,625.00 Per Year","Toronto, Toronto Region","Tuesday, December 17, 2024 11:59 pm EST"
222927,Archaeology Review Coordinator (1),Ministry of Citizenship and Multiculturalism,"$1,502.28  - $1,928.81 Per Week","Toronto, Toronto Region","Tuesday, December 17, 2024 11:59 pm EST"
223703,Business Advisor (1),Ministry of Transportation,"$76,231.00  - $109,842.00 Per Year","Toronto, Toronto Region","Tuesday, December 17, 2024 11:59 pm EST"
223468,Business Transformation Consultant (1),Ministry of Public and Business Service Delivery and Procurement,"$82,217.00  - $121,155.00 Per Year","Oshawa, Central Region; Toronto, Toronto Region","Tuesday, December 17, 2024 11:59 pm EST"
223772,Student – Climate Change Research Assistant (1),Various Ministries,$18.05  - $18.05 Per Hour,"Sault Ste Marie, North Region","Tuesday, January 21, 2025 11:59 pm EST"
223773,Student – Clinical Review Pharmacy Assessor (10),Various Ministries,$18.05  - $18.05 Per Hour,"North York, Toronto Region","Tuesday, January 21, 2025 11:59 pm EST"
223785,Student – Customer Service Clerk (156),Various Ministries,$17.20  - $18.05 Per Hour,"Aurora, Brampton, Barrie, Milton, Mississauga, Oakville, Oshawa, Whitby, Central Region; Alexandria, Belleville, Bainsville, Brockville, Cobourg, Cornwall, Hawkesbury, Kemptville, Kingston, Lindsay, Minden, Ottawa, Pembroke, Peterborough, East Region; Kirkland Lake, Neebing, Red Lake, Sudbury, Sault Ste Marie, Thunder Bay, North Region; Etobicoke, North York, Scarborough, Toronto, Toronto Region; Aylmer, Goderich, Guelph, Hamilton, Kitchener, London, Niagara Falls, Orangeville, Owen Sound, Sarnia, St Catharines, Tilbury, Walkerton, Windsor, West Region","Saturday, January 18, 2025 11:59 pm EST"
223827,Student – Customer Service Clerk (Bilingual English/French) (27),Various Ministries,$17.20  - $18.05 Per Hour,"Barrie, Central Region; Bainsville, Hawkesbury, Kingston, Ottawa, East Region; Neebing, Sault Ste Marie, Thunder Bay, North Region; Toronto, Toronto Region; Niagara Falls, Sarnia, Tilbury, Windsor, West Region","Saturday, January 18, 2025 11:59 pm EST"
223730,Student – Data Analyst Assistant (43),Various Ministries,$17.20  - $18.05 Per Hour,"Kingston, Peterborough, East Region; North Bay, North Region; Downsview, North York, Toronto, Toronto Region; St Catharines, West Region","Monday, January 27, 2025 11:59 pm EST"
223830,Student – Data Analyst Assistant (Bilingual English/French) (1),Various Ministries,$18.05  - $18.05 Per Hour,"Ottawa, East Region","Monday, January 27, 2025 11:59 pm EST"
223755,Student – Drinking Water Assistant (4),Various Ministries,$17.20  - $18.05 Per Hour,"Chesterville, Deloro, East Region; Sarnia, Stratford, West Region","Tuesday, February 11, 2025 11:59 pm EST"
223781,Student – Emergency Management Assistant (20),Various Ministries,$17.20  - $18.05 Per Hour,"Oshawa, Central Region; Ottawa, Pembroke, Peterborough, East Region; Ignace, Kenora, North Bay, Sudbury, Sault Ste Marie, Timmins, North Region; Downsview, Toronto, Toronto Region; London, St Catharines, West Region","Tuesday, January 28, 2025 11:59 pm EST"
223760,Student – Enforcement Assistant (5),Various Ministries,$17.20  - $18.05 Per Hour,"Georgetown, Central Region; North Bay, Sudbury, North Region; Toronto, Toronto Region; London, West Region","Tuesday, February 11, 2025 11:59 pm EST"
223759,Student – Engineering Assistant (26),Various Ministries,$17.20  - $18.05 Per Hour,"Kingston, Ottawa, East Region; North Bay, Thunder Bay, North Region; Toronto, Toronto Region; London, St Catharines, West Region","Tuesday, January 28, 2025 11:59 pm EST"
223847,Legal Administrative Secretary (3),Ministry of the Attorney General,$28.14  - $32.82 Per Hour,"Toronto, Toronto Region","Thursday, December 19, 2024 11:59 pm EST"
224179,"Operations Supervisor, Water & Wastewater (1)",Ontario Clean Water Agency,"$1,316.68  - $1,636.27 Per Week","North York, Toronto Region","Thursday, December 19, 2024 11:59 pm EST"
223490,Probation and Parole Officer (English and Bilingual - English/French) (6),Ministry of the Solicitor General,"$1,506.53  - $1,861.87 Per Week","Ottawa, Pembroke, East Region","Thursday, December 19, 2024 11:59 pm EST"
224153,"Program Advisor, Licensing and Compliance (1)",Ministry of Education,"$1,444.55  - $1,771.45 Per Week","Barrie, Central Region","Thursday, December 19, 2024 11:59 pm EST"
224323,"Regional Director, Central West (1)","Ministry of Labour, Immigration, Training and Skills Development","$152,593.00  - $192,232.00 Per Year","Mississauga, Newmarket, Central Region","Sunday, January 5, 2025 11:59 pm EST"
224037,Senior Digital Learning Consultant (1),Ministry of Public and Business Service Delivery and Procurement,"$82,217.00  - $121,155.00 Per Year","Toronto, Toronto Region","Thursday, December 19, 2024 11:59 pm EST"
223832,Senior I&IT Architect (1),Ministry of Public and Business Service Delivery and Procurement,"$88,496.00  - $128,625.00 Per Year","Toronto, Toronto Region","Thursday, December 19, 2024 11:59 pm EST"
220451,Summer Employment Opportunities (SEO) Program - 2025 bilingual (French/English) student jobs! (1),Various Ministries,$17.20  - $18.05 Per Hour,"Any City, Anywhere in Ontario","Monday, June 2, 2025 11:59 pm EDT"
201105,Summer Employment Opportunities (SEO) Program - 2025 student jobs! (1),Various Ministries,$17.20  - $18.05 Per Hour,"Any City, Anywhere in Ontario","Monday, June 2, 2025 11:59 pm EDT"
224184,Wildlife Policy Analyst (1),Ministry of Natural Resources,"$1,513.08  - $1,908.57 Per Week","Peterborough, East Region","Thursday, December 19, 2024 11:59 pm EST"
223958,Policy Advisor (1),"Ministry of Tourism, Culture and Gaming","$76,231.00  - $109,842.00 Per Year","Toronto, Toronto Region","Friday, January 10, 2025 11:59 pm EST"
223558,Policy Analyst (2),"Ministry of Children, Community and Social Services","$71,563.00  - $100,052.00 Per Year","Toronto, Toronto Region","Friday, December 20, 2024 11:59 pm EST"
224222,Process & Compliance Technician (1),Ontario Clean Water Agency,"$1,289.12  - $1,534.12 Per Week","Ripley, West Region","Friday, December 20, 2024 11:59 pm EST"
224007,Receptionist - Bilingual (English/French) (1),Ministry of the Solicitor General,$23.69  - $27.32 Per Hour,"Milton, Central Region","Tuesday, December 31, 2024 11:59 pm EST"
222943,Rights Adviser (Irregular On-Call) (5),Ministry of Health,$28.14  - $32.82 Per Hour,"Penetanguishene, Central Region; Belleville, Kingston, Peterborough, East Region; Timmins, North Region","Friday, December 20, 2024 11:59 pm EST"
223120,Senior IM & IT Advisor (1),Ministry of Natural Resources,"$82,217.00  - $121,155.00 Per Year","Peterborough, East Region","Friday, December 20, 2024 11:59 pm EST"
223947,Senior Park Clerk (2),"Ministry of the Environment, Conservation and Parks",$26.92  - $31.31 Per Hour,"Bowmanville, Central Region; Omemee, East Region","Tuesday, December 31, 2024 11:59 pm EST"
223811,Senior Program Consultant (1),Ministry of Health,"$82,217.00  - $121,155.00 Per Year","Toronto, Toronto Region","Friday, December 20, 2024 11:59 pm EST"
223833,Senior Staff Development Officer (1),Ministry of the Solicitor General,"$86,169.00  - $106,259.00 Per Year","Hamilton, West Region","Friday, December 20, 2024 11:59 pm EST"
223689,Traffic Supervisor (1),Ministry of Transportation,"$82,217.00  - $121,155.00 Per Year","London, West Region","Friday, December 20, 2024 11:59 pm EST"
224643,"Senior Manager, Policy Alignment and Strategic Engagement (1)",Treasury Board Secretariat,"$105,307.00  - $148,429.00 Per Year","Toronto, Toronto Region","Thursday, January 2, 2025 11:59 pm EST"
219550,Senior Nurse Consultant (1),Ministry of Health,"$82,217.00  - $121,155.00 Per Year","Toronto, Toronto Region","Tuesday, January 7, 2025 11:59 pm EST"
223005,Senior Policy and Program Advisor (2),Ministry of Health,"$82,217.00  - $121,155.00 Per Year","Toronto, Toronto Region","Tuesday, January 7, 2025 11:59 pm EST"
223980,Team Lead (1),Ministry of Health,"$88,496.00  - $128,625.00 Per Year","Toronto, Toronto Region","Wednesday, January 8, 2025 11:59 pm EST"
224457,Traffic Analyst (3),Ministry of Transportation,"$1,217.07  - $1,441.96 Per Week","St Catharines, West Region","Friday, January 10, 2025 11:59 pm EST"
224466,Ambulance Communications Officer - Supervisor (1),Ministry of Health,$38.95  - $48.44 Per Hour,"Thunder Bay, North Region","Monday, December 30, 2024 11:59 pm EST"
224526,Analytical Technologist (1),"Ministry of the Environment, Conservation and Parks","$1,286.92  - $1,518.87 Per Week","Etobicoke, Toronto Region","Monday, January 6, 2025 11:59 pm EST"
224283,Assistive Technology Advisor (1),Ministry of Education,$28.14  - $32.82 Per Hour,"London, West Region","Monday, December 30, 2024 11:59 pm EST"
224376,Chemistry Lab Technologist (1),Ministry of Natural Resources,"$1,286.92  - $1,518.87 Per Week","Sault Ste Marie, North Region","Friday, January 3, 2025 11:59 pm EST"
224231,"Clerk, Collision Reporting Centre - 5 positions (1)",Ministry of the Solicitor General,$29.56  - $33.59 Per Hour,"North York, Toronto Region","Monday, January 6, 2025 11:59 pm EST"
223085,I&IT Senior Solutions Designer (1),Ministry of Public and Business Service Delivery and Procurement,"$88,496.00  - $128,625.00 Per Year","North York, Toronto Region","Wednesday, December 18, 2024 11:59 pm EST"
223937,Issues Coordinator (1),Ministry of Public and Business Service Delivery and Procurement,"$71,563.00  - $100,052.00 Per Year","Toronto, Toronto Region","Wednesday, December 18, 2024 11:59 pm EST"
223885,LTC Home Assessment & Triage Officer (1),Ministry of Long - Term Care,"$1,164.40  - $1,286.40 Per Week","Kingston, Ottawa, East Region","Wednesday, December 18, 2024 11:59 pm EST"
224134,Maintenance Technician (1),Ontario Clean Water Agency,$38.14  - $40.98 Per Hour,"Mississauga, Central Region","Wednesday, December 18, 2024 11:59 pm EST"
223377,"Manager, Compliance & Review (1)","Ministry of Children, Community and Social Services","$86,330.00  - $127,214.00 Per Year","Toronto, Toronto Region","Wednesday, December 18, 2024 11:59 pm EST"
223426,Master Level Policy Co-op Program (164),Various Ministries,"$38,231.00  - $52,907.00 Per Year","Oshawa, Central Region; Kingston, East Region; Toronto, Toronto Region; Guelph, West Region","Friday, January 31, 2025 11:59 pm EST"
224045,Meat Inspection Area Coordinator (1),"Ministry of Agriculture, Food and Agribusiness","$1,538.10  - $1,773.69 Per Week","Elora, West Region","Wednesday, December 18, 2024 11:59 pm EST"
223276,Media Relations Coordinator (1),Ministry of Health,"$76,231.00  - $109,842.00 Per Year","Toronto, Toronto Region","Wednesday, December 18, 2024 11:59 pm EST"
221798,Policy Analyst: Unilingual (English) and Bilingual (English/French) (5),Ministry of Municipal Affairs and Housing,"$1,438.59  - $1,836.98 Per Week","Toronto, Toronto Region","Wednesday, December 18, 2024 11:59 pm EST"
223764,"Rights Adviser, Intake (1)",Ministry of Health,$28.14  - $32.82 Per Hour,"North York, Toronto Region","Wednesday, December 18, 2024 11:59 pm EST"
224221,Administrative Assistant (2),Ministry of the Attorney General,$26.92  - $31.31 Per Hour,"Toronto, Toronto Region","Wednesday, January 8, 2025 11:59 pm EST"
224295,Claims Assessor (1),Ministry of Health,$28.14  - $32.82 Per Hour,"North York, Toronto Region","Tuesday, January 7, 2025 11:59 pm EST"
224655,Classroom Assistant (1),Ministry of Education,$24.61  - $27.14 Per Hour,"Milton, Central Region","Tuesday, December 31, 2024 11:59 pm EST"
221336,Court and Client Representative - temporary full-time positions (2),Ministry of the Attorney General,$29.53  - $34.75 Per Hour,"Belleville, Bancroft, Picton, East Region","Tuesday, December 31, 2024 11:59 pm EST"
224534,Court Enforcement Officer (Irregular On-Call) (1),Ministry of the Attorney General,"$1,189.93  - $1,425.85 Per Week","Chatham, West Region","Tuesday, December 31, 2024 11:59 pm EST"
224678,"Head, Services Management Branch (1)",Ministry of the Solicitor General,"$152,593.00  - $192,232.00 Per Year","Toronto, Toronto Region","Tuesday, December 31, 2024 11:59 pm EST"
224154,Maintenance Mechanic (1),Ministry of the Solicitor General,$29.46  - $31.96 Per Hour,"Lindsay, East Region","Friday, January 3, 2025 11:59 pm EST"
223784,Maintenance Mechanic (Facilities Technician) (2),Ministry of the Solicitor General,$26.98  - $29.90 Per Hour,"Brockville, East Region","Friday, January 3, 2025 11:59 pm EST"
224310,Park Operations and Development Specialist (1),"Ministry of the Environment, Conservation and Parks","$1,538.10  - $1,773.69 Per Week","Peterborough, East Region","Tuesday, December 31, 2024 11:59 pm EST"
223625,Policy Advisor (1),Ministry of Public and Business Service Delivery and Procurement,"$76,231.00  - $109,842.00 Per Year","Toronto, Toronto Region","Wednesday, January 8, 2025 11:59 pm EST"
223881,Student – Office Assistant (472),Various Ministries,$17.20  - $18.05 Per Hour,"Bracebridge, Burlington, Brampton, Barrie, Midhurst, Milton, Markham, Mississauga, Newmarket, Oakville, Orillia, Oro-Medonte, Oshawa, Penetanguishene, Whitby, Central Region; Belleville, Brockville, Cornwall, Kemptville, Kingston, Lindsay, Napanee, Ottawa, Pembroke, Peterborough, Renfrew, Smiths Falls, East Region; Cochrane, Dryden, Geraldton, Kenora, Kirkland Lake, North Bay, Parry Sound, Red Lake, Rosslyn, Sudbury, Sault Ste Marie, South Porcupine, Thunder Bay, Timmins, Woodland Caribou Provincial Park (Red Lake), Wawa, North Region; Downsview, Etobicoke, North York, Scarborough, Toronto, Toronto Region; Aylmer, Belle River, Brantford, Chatham, Cambridge, Goderich, Guelph, Hamilton, Kitchener, London, Maidstone, Orangeville, Owen Sound, Putnam, Sarnia, St Catharines, Stratford, St Thomas, Windsor, Waterloo, West Region","Monday, January 20, 2025 11:59 pm EST"
223768,Student – Office Assistant (Bilingual English/French) (16),Various Ministries,$17.20  - $18.05 Per Hour,"Cornwall, Hawkesbury, Ottawa, East Region; Sudbury, North Region; Toronto, Toronto Region; Hamilton, West Region","Monday, January 20, 2025 11:59 pm EST"
223805,Student – Ontario Place Traffic Services Specialist (20),Various Ministries,$18.05  - $18.05 Per Hour,"Toronto, Toronto Region","Monday, February 10, 2025 11:59 pm EST"
223659,Student – OPP Community and Indigenous Policing Jobs (33),Various Ministries,$17.20  - $18.05 Per Hour,"Alliston, Aurora, Caledon East, Midland, Orillia, Wasaga Beach, Central Region; Dryden, Fort Frances, Kenora, North Bay, Parry Sound, Sudbury, Timmins, North Region; Cayuga, Chatsworth, Clinton, London, St Thomas, West Region","Tuesday, February 4, 2025 11:59 pm EST"
223725,Student – Policy and Analysis Jobs (170),Various Ministries,$17.20  - $18.05 Per Hour,"Mississauga, Oshawa, Central Region; Kemptville, Kingston, Peterborough, East Region; North Bay, Sudbury, Sault Ste Marie, Thunder Bay, North Region; Downsview, North York, Toronto, Toronto Region; Guelph, London, Rockwood (4-H Ontario), West Region","Saturday, January 25, 2025 11:59 pm EST"
223829,Student – Policy and Programs Assistant (Bilingual English/French) (2),Various Ministries,$18.05  - $18.05 Per Hour,"Ottawa, East Region; Toronto, Toronto Region","Saturday, January 25, 2025 11:59 pm EST"
223810,Student – Projects Assistant (148),Various Ministries,$17.20  - $18.05 Per Hour,"Central Region, Milton, Mississauga, Oshawa, Central Region; Kingston, Peterborough, East Region; Sudbury, Thunder Bay, North Region; Downsview, North York, Scarborough, Toronto, Toronto Region; Guelph, Hamilton, London, West Region","Monday, January 27, 2025 11:59 pm EST"
223821,Student – Projects Assistant (Bilingual English/French) (2),Various Ministries,$17.20  - $17.20 Per Hour,"Toronto, Toronto Region","Monday, January 27, 2025 11:59 pm EST"
223673,Student – Traffic and Transportation Jobs (12),Various Ministries,$18.05  - $18.05 Per Hour,"Barrie, Mississauga, Central Region; Kenora, North Bay, Thunder Bay, North Region; St Catharines, West Region","Tuesday, February 11, 2025 11:59 pm EST"
223825,Student – Translator (Bilingual English/French) (3),Various Ministries,$17.20  - $18.05 Per Hour,"Toronto, Toronto Region","Tuesday, February 4, 2025 11:59 pm EST"
223398,"Manager, Labour Relations Operations Branch (Bilingual) (1)",Ministry of Education,"$105,307.00  - $148,429.00 Per Year","Toronto, Toronto Region","Friday, January 10, 2025 11:59 pm EST"
224030,"Manager, Product Strategy & Delivery (1)",Ministry of the Attorney General,"$105,307.00  - $148,429.00 Per Year","Toronto, Toronto Region","Tuesday, December 24, 2024 11:59 pm EST"
224058,Policy and Planning Analyst (1),Ministry of Colleges and Universities,"$71,563.00  - $100,052.00 Per Year","Toronto, Toronto Region","Tuesday, December 24, 2024 11:59 pm EST"
222217,Program Analyst (1),"Ministry of Agriculture, Food and Rural Affairs","$71,563.00  - $100,052.00 Per Year","Guelph, West Region","Tuesday, December 24, 2024 11:59 pm EST"
223928,Revenue Accounts and Financial Analyst (1),Ministry of Finance,"$1,246.48  - $1,525.83 Per Week","Oshawa, Central Region","Tuesday, December 24, 2024 11:59 pm EST"
223911,Senior Policy Analyst (2),Ministry of Infrastructure,"$82,217.00  - $121,155.00 Per Year","Toronto, Toronto Region","Friday, January 10, 2025 11:59 pm EST"
223210,Soil Management Specialist (Horticulture) (1),"Ministry of Agriculture, Food and Agribusiness","$1,627.28  - $2,077.03 Per Week","Guelph, Ridgetown, Vineland, Woodstock, West Region","Friday, January 3, 2025 11:59 pm EST"
224500,Talent Pool - Case Manager (1),Workplace Safety and Insurance Board,Not Available,"Toronto, Toronto Region","Friday, February 28, 2025 11:59 pm EST"
224506,Talent Pool - Return to Work Specialist (1),Workplace Safety and Insurance Board,Not Available,"Toronto, Toronto Region","Tuesday, February 18, 2025 11:59 pm EST"
221671,"Team Lead, Estimating (1)",Ministry of Transportation,"$88,496.00  - $128,625.00 Per Year","Kingston, East Region; North Bay, Thunder Bay, North Region; Toronto, Toronto Region; London, St Catharines, West Region","Wednesday, January 8, 2025 11:59 pm EST"
223777,Student – Land Use Planning Assistant (14),Various Ministries,$18.05  - $18.05 Per Hour,"Georgetown, Central Region; South Porcupine, North Region; Toronto, Toronto Region; Guelph, Owen Sound, West Region","Tuesday, January 28, 2025 11:59 pm EST"
223799,Student – Learn to Fish Program Leader (2),Various Ministries,$18.05  - $18.05 Per Hour,"Earl Rowe Provincial Park (Alliston), Central Region","Monday, February 10, 2025 11:59 pm EST"
223808,Student – Lifeguard (17),Various Ministries,$18.05  - $18.05 Per Hour,"Earl Rowe Provincial Park (Alliston), Central Region; London, West Region","Tuesday, January 28, 2025 11:59 pm EST"
223718,Student – Maintenance and Trades Jobs (55),Various Ministries,$17.20  - $18.05 Per Hour,"Angus, Elmvale, Gravenhurst, Oshawa, Victoria Harbour, Wasaga Beach, Central Region; Belleville, Kingston, Napanee, East Region; Dryden, Kenora, Monteith, North Bay, Sudbury, Sault Ste Marie, Thunder Bay, Whitney, North Region; Etobicoke, Toronto, Toronto Region; Aylmer, Belle River, Essex, London, Mount Forest, Nanticoke, Paris, Port Elgin, Shelburne, Simcoe, Winona, Wiarton, West Region","Tuesday, February 4, 2025 11:59 pm EST"
223838,Student – Marketing and Communications Assistant (59),Various Ministries,$17.20  - $18.05 Per Hour,"Milton, Mississauga, Central Region; Kingston, Peterborough, East Region; Downsview, North York, Toronto, Toronto Region; Guelph, London, Rockwood (4-H Ontario), West Region","Tuesday, January 21, 2025 11:59 pm EST"
223824,Student – Marketing and Communications Assistant (Bilingual English/French) (2),Various Ministries,$18.05  - $18.05 Per Hour,"Toronto, Toronto Region","Tuesday, January 21, 2025 11:59 pm EST"
223753,Student – Municipal Advisor Assistant (1),Various Ministries,$18.05  - $18.05 Per Hour,"Kingston, East Region","Tuesday, January 28, 2025 11:59 pm EST"
223745,Student – Museum Attendant (5),Various Ministries,$18.05  - $18.05 Per Hour,"Brockville, East Region; Dresden, West Region","Tuesday, February 4, 2025 11:59 pm EST"
223734,Student – Natural Heritage Information Technician (2),Various Ministries,$18.05  - $18.05 Per Hour,"Peterborough, East Region","Tuesday, February 11, 2025 11:59 pm EST"
223740,Student – Natural Heritage Stewardship Assistant (1),Various Ministries,$18.05  - $18.05 Per Hour,"Toronto, Toronto Region","Tuesday, February 4, 2025 11:59 pm EST"
221218,Transportation Technician (North East) (4),Ministry of Transportation,"$1,032.77  - $1,250.61 Per Week","North Bay, New Liskeard, Sudbury, Sault Ste Marie, North Region","Tuesday, December 17, 2024 11:59 pm EST"
221216,Transportation Technician (North West) (4),Ministry of Transportation,"$1,032.77  - $1,250.61 Per Week","Thunder Bay, North Region","Tuesday, December 17, 2024 11:59 pm EST"
221220,Transportation Technician (West) (4),Ministry of Transportation,"$1,032.77  - $1,250.61 Per Week","London, West Region","Tuesday, December 17, 2024 11:59 pm EST"
223444,Instructors - Ontario Police College - Practical Skills (17),Ministry of the Solicitor General,"$2,214.80  - $2,826.67 Per Week","Aylmer, West Region","Friday, December 20, 2024 11:59 pm EST"
223386,Nurse Practitioner (3),Ministry of the Solicitor General,"$2,068.64  - $2,643.77 Per Week","Sudbury, North Region","Monday, December 23, 2024 11:59 pm EST"
223093,Senior Manager Resident Geologist Program (1),Ministry of Mines,"$105,307.00  - $148,429.00 Per Year","Sudbury, Thunder Bay, Timmins, North Region","Monday, December 16, 2024 11:59 pm EST"
220562,Senior Program Advisory Specialist: Unilingual (English) and Bilingual (English/French) (6),Ministry of Finance,"$82,217.00  - $121,155.00 Per Year","Oshawa, Central Region","Monday, December 16, 2024 11:59 pm EST"
223013,"Talent Pool - Forensic Technologist, Biology",Ministry of the Solicitor General,"$1,362.39  - $1,611.47 Per Week","Sault Ste Marie, North Region; Toronto, Toronto Region","Monday, December 16, 2024 11:59 pm EST"
223466,"Director, Skills Development and Apprenticeship (1)",Ministry of Education,"$152,593.00  - $192,232.00 Per Year","Toronto, Toronto Region","Tuesday, December 31, 2024 11:59 pm EST"
221113,Engineering Associate - Engineering Development Program (5),Ministry of Transportation,"$54,546.00  - $79,972.00 Per Year","London, West Region","Friday, January 17, 2025 11:59 pm EST"
223270,Deputy Superintendent Finance and Performance (1),Ministry of the Solicitor General,"$86,330.00  - $127,214.00 Per Year","Penetanguishene, Central Region","Friday, December 27, 2024 11:59 pm EST"
224561,Employer Specialist (1),"Ministry of Labour, Immigration, Training and Skills Development","$1,665.84  - $2,127.84 Per Week","Peterborough, East Region","Tuesday, December 31, 2024 11:59 pm EST"
223852,Financial Officer (3),Ministry of Long - Term Care,"$1,246.48  - $1,525.83 Per Week","Toronto, Toronto Region","Friday, December 27, 2024 11:59 pm EST"
224093,"Information Management Data Analyst, Data and Quality Standards (1)",Ministry of Health,"$71,563.00  - $100,052.00 Per Year","Toronto, Toronto Region","Friday, December 27, 2024 11:59 pm EST"
220996,Policy Advisor (2),Ministry of Finance,"$76,231.00  - $109,842.00 Per Year","Toronto, Toronto Region","Friday, December 27, 2024 11:59 pm EST"
224170,Portfolio Financial Analyst (2),Ministry of Finance,"$1,246.48  - $1,525.83 Per Week","Oshawa, Central Region","Friday, December 27, 2024 11:59 pm EST"
224282,Prioritization Lead (1),Ministry of the Solicitor General,"$88,496.00  - $128,625.00 Per Year","Thunder Bay, North Region","Friday, December 27, 2024 11:59 pm EST"
224280,Receptionist/Mail Clerk (1),Ministry of the Solicitor General,$24.14  - $27.90 Per Hour,"Maidstone, West Region","Friday, December 27, 2024 11:59 pm EST"
224476,Resource Management Coordinator (1),Ministry of Natural Resources,"$1,373.31  - $1,732.13 Per Week","Atikokan, Dryden, Fort Frances, North Region","Tuesday, December 31, 2024 11:59 pm EST"
224434,Resource Management Technician (1),Ministry of Natural Resources,$27.49  - $30.60 Per Hour,"Atikokan, North Region","Friday, January 3, 2025 11:59 pm EST"
224005,Senior Policy Advisor (3),Ministry of the Solicitor General,"$82,217.00  - $121,155.00 Per Year","North Bay, North Region","Monday, December 16, 2024 11:59 pm EST"
223850,Senior Policy Advisor (1),Ministry for Seniors and Accessibility,"$82,217.00  - $121,155.00 Per Year","Toronto, Toronto Region","Monday, December 16, 2024 11:59 pm EST"
223476,Senior Strategic Communications Advisor (1),Ministry of Transportation,"$82,217.00  - $121,155.00 Per Year","Toronto, Toronto Region","Monday, December 16, 2024 11:59 pm EST"
223508,Trainer (12),Ministry of the Attorney General,"$71,563.00  - $100,052.00 Per Year","Toronto, Toronto Region","Monday, December 16, 2024 11:59 pm EST"
219801,Training and Development Analyst (3),Ministry of Transportation,"$76,231.00  - $109,842.00 Per Year","Toronto, Toronto Region","Monday, December 16, 2024 11:59 pm EST"
223341,Transfer Payment Coordinator (1),Ministry of Mines,"$1,246.48  - $1,525.83 Per Week","Sudbury, North Region","Monday, December 16, 2024 11:59 pm EST"
223823,Victim/Witness Services Worker (3),Ministry of the Attorney General,"$1,265.80  - $1,554.23 Per Week","London, Woodstock, West Region","Monday, December 16, 2024 11:59 pm EST"
223795,Victim/Witness Services Worker (1),Ministry of the Attorney General,"$1,265.80  - $1,554.23 Per Week","Walkerton, West Region","Monday, December 16, 2024 11:59 pm EST"
223954,Victim/Witness Services Worker (1),Ministry of the Attorney General,"$1,265.80  - $1,554.23 Per Week","Perth, East Region","Monday, December 16, 2024 11:59 pm EST"
223982,Water and Wastewater Operator (1),Ontario Clean Water Agency,$27.92  - $31.06 Per Hour,"Angus, Central Region","Monday, December 16, 2024 11:59 pm EST"
223863,Quality Assurance and Technical Manager (1),Ministry of the Solicitor General,"$88,496.00  - $128,625.00 Per Year","Toronto, Toronto Region","Monday, December 16, 2024 11:59 pm EST"
224008,"Regional Directors, (Central Region and West Region) (2)","Ministry of Children, Community and Social Services","$152,593.00  - $192,232.00 Per Year","Mississauga, Central Region; London, West Region","Friday, December 20, 2024 11:59 pm EST"
223754,Regional Systems Officer (1),Ministry of Public and Business Service Delivery and Procurement,"$1,408.64  - $1,773.85 Per Week","Toronto, Toronto Region","Monday, December 16, 2024 11:59 pm EST"
223756,Regional Systems Officer (1),Ministry of Public and Business Service Delivery and Procurement,"$1,408.64  - $1,773.85 Per Week","Belleville, East Region","Monday, December 16, 2024 11:59 pm EST"
224024,Resource Management Coordinator (1),Ministry of Natural Resources,"$1,373.31  - $1,732.13 Per Week","Chapleau, Wawa, North Region","Monday, December 16, 2024 11:59 pm EST"
224131,Restricted to AMAPCEO-Represented Employees on Notice of Lay-off - Senior Systems Integrator (6),Ontario Clean Water Agency,"$82,217.00  - $121,155.00 Per Year","Mississauga, Central Region","Monday, December 16, 2024 11:59 pm EST"
224132,Restricted to OPSEU-Represented Employees on Notice of Lay-off - Maintenance Technician (1),Ontario Clean Water Agency,$38.14  - $40.98 Per Hour,"Mississauga, Central Region","Monday, December 16, 2024 11:59 pm EST"
223948,Senior Divisional Policy Coordinator (2),"Ministry of the Environment, Conservation and Parks","$82,217.00  - $121,155.00 Per Year","Toronto, Toronto Region","Monday, December 16, 2024 11:59 pm EST"
223033,Senior Information Management Advisor/Senior Information Management Policy Advisor (2),Ministry of Health,"$82,217.00  - $121,155.00 Per Year","Toronto, Toronto Region","Monday, December 16, 2024 11:59 pm EST"
223864,Senior Operations Technician and Operations Technician (3),"Ministry of the Environment, Conservation and Parks",$25.78  - $30.60 Per Hour,"Mattawa, North Region","Monday, December 23, 2024 11:59 pm EST"
224286,Trial Coordinator (1),Ministry of the Attorney General,$32.11  - $38.34 Per Hour,"London, West Region","Wednesday, January 8, 2025 11:59 pm EST"
224207,Water Compliance Officer (2),"Ministry of the Environment, Conservation and Parks","$1,584.94  - $1,948.86 Per Week","Ajax, Central Region","Friday, January 3, 2025 11:59 pm EST"
224307,Assistant Trial Coordinator (2),Ministry of the Attorney General,$28.14  - $32.82 Per Hour,"Barrie, Central Region","Friday, January 3, 2025 11:59 pm EST"
224186,Communications Coordinator (1),Ministry of Public and Business Service Delivery,"$1,600.57  - $1,958.46 Per Week","Toronto, Toronto Region","Tuesday, December 24, 2024 11:59 pm EST"
223513,"Coordinator, Policy & Legislation (1)",Ministry of Municipal Affairs and Housing,"$88,496.00  - $128,625.00 Per Year","Toronto, Toronto Region","Tuesday, January 7, 2025 11:59 pm EST"
224344,Court and Client Representative - permanent/temporary full-time positions (3),Ministry of the Attorney General,$29.53  - $34.75 Per Hour,"Thunder Bay, North Region","Monday, December 30, 2024 11:59 pm EST"
223719,Court and Client Representative/Recording Management Coordinator (2),Ministry of the Attorney General,$29.53  - $34.75 Per Hour,"Newmarket, Central Region; Cobourg, Lindsay, Peterborough, East Region","Tuesday, December 24, 2024 11:59 pm EST"
224034,Financial Analyst (1),"Ministry of Children, Community and Social Services","$71,563.00  - $100,052.00 Per Year","Toronto, Toronto Region","Tuesday, December 24, 2024 11:59 pm EST"
224511,Forensic Imager (1),Ministry of the Solicitor General,"$1,513.72  - $1,820.14 Per Week","Orillia, Central Region","Tuesday, December 24, 2024 11:59 pm EST"
223645,I&IT Senior Business Analyst (1),Ministry of Public and Business Service Delivery and Procurement,"$82,217.00  - $121,155.00 Per Year","Oshawa, Central Region; Toronto, Toronto Region","Tuesday, December 24, 2024 11:59 pm EST"
221119,Engineering Associate - Engineering Development Program (3),Ministry of Transportation,"$54,546.00  - $79,972.00 Per Year","North Bay, North Region","Friday, January 17, 2025 11:59 pm EST"
221120,Engineering Associate - Engineering Development Program (2),Ministry of Transportation,"$54,546.00  - $79,972.00 Per Year","Thunder Bay, North Region","Friday, January 17, 2025 11:59 pm EST"
221122,Engineering Associate - Engineering Development Program (2),Ministry of Transportation,"$54,546.00  - $79,972.00 Per Year","Toronto, Toronto Region","Friday, January 17, 2025 11:59 pm EST"
221117,Engineering Associate - Engineering Development Program (10),Ministry of Transportation,"$54,546.00  - $79,972.00 Per Year","Toronto, Toronto Region","Friday, January 17, 2025 11:59 pm EST"
221118,Engineering Associate - Engineering Development Program (5),Ministry of Transportation,"$54,546.00  - $79,972.00 Per Year","Kingston, East Region","Friday, January 17, 2025 11:59 pm EST"
223379,Engineering Associate - Engineering Development Program (3),Ministry of Transportation,"$54,546.00  - $79,972.00 Per Year","St Catharines, West Region","Friday, January 17, 2025 11:59 pm EST"
223332,Environmental Compliance Officer - Bilingual (English/French) (1),"Ministry of the Environment, Conservation and Parks","$1,584.94  - $1,948.86 Per Week","North Bay, North Region","Friday, December 20, 2024 11:59 pm EST"
223330,Senior Materials Technician (2),Ministry of Transportation,"$1,203.84  - $1,429.92 Per Week","North York, Toronto Region","Friday, January 10, 2025 11:59 pm EST"
223240,Court and Client Representative (irregularly scheduled hours and on-call contracts) - Unilingual (English) and Bilingual (English/French) (2),Ministry of the Attorney General,$29.53  - $34.75 Per Hour,"Cochrane, Elliot Lake, Gore Bay, Haileybury, Kirkland Lake, North Bay, Parry Sound, Sudbury, Sault Ste Marie, Timmins, North Region","Monday, March 31, 2025 11:59 pm EDT"
222814,"Director, Artificial Intelligence Strategy Branch (1)",Ministry of Public and Business Service Delivery and Procurement,Not Available,"Toronto, Toronto Region","Wednesday, December 18, 2024 11:59 pm EST"
224330,Senior Business Analyst (1),Ministry of the Solicitor General,"$76,231.00  - $109,842.00 Per Year","Windsor, West Region","Friday, December 27, 2024 11:59 pm EST"
224013,Senior Business Consultant (1),Ministry of the Attorney General,"$82,217.00  - $121,155.00 Per Year","Toronto, Toronto Region","Friday, January 3, 2025 11:59 pm EST"
224362,Senior Development Database Administrator (1),Ministry of Public and Business Service Delivery and Procurement,"$1,852.71  - $2,314.51 Per Week","North Bay, North Region; Toronto, Toronto Region","Monday, January 6, 2025 11:59 pm EST"
224259,Senior IT Community Events Lead (1),Ministry of Public and Business Service Delivery and Procurement,"$82,217.00  - $121,155.00 Per Year","Toronto, Toronto Region","Friday, December 27, 2024 11:59 pm EST"
223188,"Senior Program Advisor - Lead, People Engagement & Recognition AND Senior Program Advisor - Lead, Diversity and Inclusion (2)",Ministry of Public and Business Service Delivery and Procurement,"$82,217.00  - $121,155.00 Per Year","Toronto, Toronto Region","Tuesday, January 7, 2025 11:59 pm EST"
224342,Senior Sector Advisor (1),"Ministry of Economic Development, Job Creation and Trade","$1,627.28  - $2,077.03 Per Week","Toronto, Toronto Region","Monday, January 6, 2025 11:59 pm EST"
224158,Strategic Project Lead (3),Treasury Board Secretariat,"$88,496.00  - $128,625.00 Per Year","Toronto, Toronto Region","Friday, December 27, 2024 11:59 pm EST"
223417,"Team Lead, Forensic Mental Health (1)",Ministry of Health,"$100,293.00  - $141,361.00 Per Year","Toronto, Toronto Region","Friday, January 3, 2025 11:59 pm EST"
224509,"Team Lead, Strategic Business Planning (1)",Ministry of Transportation,"$88,496.00  - $128,625.00 Per Year","Kingston, East Region; North Bay, Thunder Bay, North Region; Toronto, Toronto Region; London, St Catharines, West Region","Friday, December 27, 2024 11:59 pm EST"
223690,Traffic Analyst (1),Ministry of Transportation,"$1,217.07  - $1,441.96 Per Week","London, West Region","Friday, December 27, 2024 11:59 pm EST"
218203,Trainer (3),Ministry of Transportation,"$71,563.00  - $100,052.00 Per Year","Toronto, Toronto Region","Friday, December 20, 2024 11:59 pm EST"
219686,Administrative Assistant (1),Ministry of Infrastructure,$29.53  - $34.75 Per Hour,"Toronto, Toronto Region","Friday, December 20, 2024 11:59 pm EST"
223605,Aggregate Resources Planner (1),Ministry of Natural Resources,"$1,648.02  - $2,144.77 Per Week","Aurora, Bracebridge, Midhurst, Central Region; Bancroft, Kemptville, Kingston, Minden, Pembroke, Peterborough, East Region; Atikokan, Blind River, Cochrane, Chapleau, Dryden, Fort Frances, Geraldton, Hearst, Ignace, Kenora, Kapuskasing, Kirkland Lake, Nipigon, North Bay, Parry Sound, Red Lake, Sudbury, Sault Ste Marie, South Porcupine, Sioux Lookout, Thunder Bay, Wawa, North Region; Aylmer, Guelph, Owen Sound, Vineland, West Region","Thursday, December 19, 2024 11:59 pm EST"
224042,Ambulance Communications Officer - Supervisor (1),Ministry of Health,$38.95  - $48.44 Per Hour,"Windsor, West Region","Thursday, December 19, 2024 11:59 pm EST"
223965,Case Management Coordinator (3),Ministry of the Attorney General,$34.89  - $41.77 Per Hour,"London, West Region","Thursday, December 19, 2024 11:59 pm EST"
222322,Communications Coordinator (1),Ministry of Transportation,"$76,231.00  - $109,842.00 Per Year","London, West Region","Friday, January 3, 2025 11:59 pm EST"
223610,Executive Assistant (1),Ministry of Health,"$71,563.00  - $100,052.00 Per Year","Toronto, Toronto Region","Thursday, December 19, 2024 11:59 pm EST"
223484,Fleet Coordinator (1),Ministry of the Solicitor General,"$82,217.00  - $121,155.00 Per Year","Mississauga, Central Region","Thursday, December 19, 2024 11:59 pm EST"
223611,Integrated Project Manager (2),"Ministry of Children, Community and Social Services","$88,496.00  - $128,625.00 Per Year","Toronto, Toronto Region","Thursday, December 19, 2024 11:59 pm EST"
221056,Lead Database Administrator/Architect (1),Ministry of Public and Business Service Delivery and Procurement,"$1,852.71  - $2,314.51 Per Week","Toronto, Toronto Region","Thursday, December 19, 2024 11:59 pm EST"
223919,"Program Support Clerk, IRP (1)",Ministry of Transportation,$28.14  - $32.82 Per Hour,"Toronto, Toronto Region","Monday, December 23, 2024 11:59 pm EST"
223564,Project Analyst - 2 Unilingual (English) / 1 Bilingual (English/French) (3),"Ministry of Agriculture, Food and Rural Affairs","$82,217.00  - $121,155.00 Per Year","Guelph, West Region","Monday, December 23, 2024 11:59 pm EST"
224319,Resource Management Technician (2),Ministry of Natural Resources,$27.49  - $30.60 Per Hour,"Red Lake, Sioux Lookout, North Region","Friday, January 10, 2025 11:59 pm EST"
223325,Senior Operations Technician (1),"Ministry of the Environment, Conservation and Parks",$27.49  - $30.60 Per Hour,"Morpeth, West Region","Monday, December 23, 2024 11:59 pm EST"
223619,Senior Policy Advisor (1),"Ministry of Tourism, Culture and Gaming","$82,217.00  - $121,155.00 Per Year","Toronto, Toronto Region","Tuesday, January 14, 2025 11:59 pm EST"
224337,Senior Project Management Consultant (2),Ministry of the Attorney General,"$82,217.00  - $121,155.00 Per Year","Toronto, Toronto Region","Monday, December 23, 2024 11:59 pm EST"
223075,Senior Tax Policy/Data Analyst (1),Ministry of Finance,"$88,496.00  - $128,625.00 Per Year","Toronto, Toronto Region","Monday, December 23, 2024 11:59 pm EST"
224408,Student Support Counsellor Lodging Program- Students Who Are Blind (2),Ministry of Education,$28.58  - $31.44 Per Hour,"Brantford, West Region","Monday, December 23, 2024 11:59 pm EST"
224452,Talent Pool - Detachment Operations Clerk - 4 positions (1),Ministry of the Solicitor General,$33.20  - $37.88 Per Hour,"Red Lake, North Region","Monday, December 30, 2024 11:59 pm EST"
224402,Twin Otter Pilot (3),Ministry of Natural Resources,"$1,635.60  - $1,989.49 Per Week","Garson, Timmins, North Region","Friday, January 24, 2025 11:59 pm EST"
223801,Awards & Recognition Specialist (1),Ministry of the Solicitor General,$35.43  - $40.84 Per Hour,"Orillia, Central Region","Tuesday, December 17, 2024 11:59 pm EST"
223929,Court Officer (1),Ministry of the Solicitor General,$35.43  - $40.84 Per Hour,"Chatham, West Region","Tuesday, December 17, 2024 11:59 pm EST"
223131,District Manager (1),"Ministry of the Environment, Conservation and Parks","$105,307.00  - $148,429.00 Per Year","Burlington, Central Region","Tuesday, December 31, 2024 11:59 pm EST"
223523,Fish Culture Technician (1),Ministry of Natural Resources,$27.49  - $30.60 Per Hour,"Dorion, North Region","Tuesday, December 31, 2024 11:59 pm EST"
223331,Materials Technician (1),Ministry of Transportation,"$1,104.03  - $1,304.59 Per Week","North York, Toronto Region","Friday, January 10, 2025 11:59 pm EST"
223399,"Supervisor, Court Operations (3)",Ministry of the Attorney General,"$86,330.00  - $127,214.00 Per Year","Brampton, Central Region; Hamilton, West Region","Tuesday, December 17, 2024 11:59 pm EST"
223927,Talent Pool - Call Taker\Firearms Officer (1),Ministry of the Solicitor General,"$69,056.00  - $78,790.40 Per Year","Orillia, Central Region","Tuesday, December 17, 2024 11:59 pm EST"
221226,Transportation Technician (Central) (1),Ministry of Transportation,"$1,032.77  - $1,250.61 Per Week","St Catharines, West Region","Tuesday, December 17, 2024 11:59 pm EST"
221214,Transportation Technician (Central) (2),Ministry of Transportation,"$1,032.77  - $1,250.61 Per Week","Toronto, Toronto Region","Tuesday, December 17, 2024 11:59 pm EST"
221223,Transportation Technician (Central) (1),Ministry of Transportation,"$1,032.77  - $1,250.61 Per Week","North York, Toronto Region","Tuesday, December 17, 2024 11:59 pm EST"
223363,Senior I&IT Project Manager (3),Ministry of Public and Business Service Delivery and Procurement,"$88,496.00  - $141,350.00 Per Year","Oshawa, Central Region; Toronto, Toronto Region","Monday, January 13, 2025 11:59 pm EST"
223566,Senior ITSM Practice Analyst (3),Ministry of Public and Business Service Delivery,"$1,628.82  - $2,104.14 Per Week","Oshawa, Central Region; Kingston, Ottawa, Peterborough, East Region; Dryden, Kenora, North Bay, Sudbury, Sault Ste Marie, Thunder Bay, North Region; Toronto, Toronto Region; Guelph, Hamilton, London, St Catharines, West Region","Friday, January 3, 2025 11:59 pm EST"
223495,"Senior Manager, Divisional Services (1)",Treasury Board Secretariat,"$92,920.00  - $135,056.00 Per Year","Toronto, Toronto Region","Tuesday, January 7, 2025 11:59 pm EST"
224108,Senior Policy and Financial Analyst (1),Ministry of Education,"$82,217.00  - $121,155.00 Per Year","Toronto, Toronto Region","Tuesday, December 31, 2024 11:59 pm EST"
220308,Senior Training Standards Assessor (1),"Ministry of Labour, Immigration, Training and Skills Development","$1,704.77  - $2,224.14 Per Week","Toronto, Toronto Region","Monday, January 6, 2025 11:59 pm EST"
215838,Service Management Technologies Lead (1),Ministry of Public and Business Service Delivery and Procurement,"$82,217.00  - $121,155.00 Per Year","Oshawa, Central Region; Kingston, East Region; North Bay, North Region; Toronto, Toronto Region; Guelph, St Catharines, West Region","Friday, January 3, 2025 11:59 pm EST"
223695,Telecommunications Program Lead (1),Ministry of Natural Resources,"$82,217.00  - $121,155.00 Per Year","Dryden, North Region","Monday, December 30, 2024 11:59 pm EST"
224220,Transportation Enforcement Officer (Central) (12),Ministry of Transportation,"$1,399.16  - $1,578.89 Per Week","King, Mississauga, Oakville, Whitby, Central Region; Scarborough, Toronto Region; Vineland, West Region","Monday, January 6, 2025 11:59 pm EST"
224223,Transportation Enforcement Officer (East) (9),Ministry of Transportation,"$1,399.16  - $1,578.89 Per Week","Gananoque, Lancaster, East Region","Monday, January 6, 2025 11:59 pm EST"
224217,Transportation Enforcement Officer (North) (19),Ministry of Transportation,"$1,399.16  - $1,578.89 Per Week","Cochrane, Callander, Fort Frances, Heyden, North Bay, New Liskeard, Shuniah, Spragge, North Region","Monday, January 6, 2025 11:59 pm EST"
222810,Court and Client Representative (irregularly scheduled hours and on-call contracts) (1),Ministry of the Attorney General,$29.53  - $34.75 Per Hour,"Brampton, Central Region; Hamilton, St Catharines, West Region","Tuesday, February 18, 2025 11:59 pm EST"
221386,"Manager, Contract Vendor & Risk Management (1)",Ministry of the Solicitor General,"$105,307.00  - $148,429.00 Per Year","North Bay, North Region; Toronto, Toronto Region","Friday, January 31, 2025 11:59 pm EST"
221860,Psychologist (1 Unilingual and 1 Bilingual - English/French) (2),Ministry of the Solicitor General,"$100,293.00  - $141,361.00 Per Year","Any City, Anywhere in Ontario","Monday, December 16, 2024 11:59 pm EST"
221465,"Aviation, Forest Fire and Emergency Services Temporary/Seasonal Recruitment (1)",Ministry of Natural Resources,$22.86  - $33.55 Per Hour,"Any City, Anywhere in Ontario","Tuesday, April 15, 2025 11:59 pm EDT"
219577,Nurse Practitioner (1),Ministry of the Solicitor General,"$2,068.64  - $2,643.77 Per Week","North Bay, North Region","Monday, December 16, 2024 11:59 pm EST"
221464,Wildland Fire Fighter - Ontario FireRanger (1),Ministry of Natural Resources,$25.38  - $32.43 Per Hour,"Any City, Anywhere in Ontario","Tuesday, April 15, 2025 11:59 pm EDT"
220487,Nurse Practitioner (3),Ministry of the Solicitor General,"$2,068.64  - $2,643.77 Per Week","Maidstone, West Region","Friday, December 20, 2024 11:59 pm EST"
213734,Customer Service Representative (1),Ministry of Public and Business Service Delivery,$28.81  - $33.40 Per Hour,"Alexandria, Arnprior, Belleville, Bancroft, Brockville, Cobourg, Cornwall, Embrun, Hawkesbury, Kemptville, Kingston, Lindsay, Minden, Morrisburg, Napanee, Ottawa, Picton, Pembroke, Peterborough, Petawawa, Renfrew, East Region","Monday, March 31, 2025 11:59 pm EDT"
195136,Amended - Court and Client Representative (irregularly scheduled hours and on-call contracts) (1),Ministry of the Attorney General,$29.53  - $34.75 Per Hour,"Chatham, Goderich, Guelph, Kitchener, London, Owen Sound, Sarnia, Stratford, St Thomas, Woodstock, Walkerton, Windsor, West Region","Friday, December 27, 2024 11:59 pm EST"
196222,Amended - Court and Client Representative (irregularly scheduled hours and on-call contracts) (1),Ministry of the Attorney General,$29.53  - $34.75 Per Hour,"Anywhere in North, Dryden, Fort Frances, Kenora, Sioux Lookout, Thunder Bay, North Region","Tuesday, December 31, 2024 11:59 pm EST"
223124,Fire Operations Supervisor (2),Ministry of Natural Resources and Forestry,"$75,143.00  - $105,055.00 Per Year","Geraldton, Kenora, North Region","Wednesday, January 1, 2025 11:59 pm EST"
223909,Legal Director (1),Ministry of the Attorney General,"$233,232.00  - $277,482.00 Per Year","Toronto, Toronto Region","Monday, December 16, 2024 11:59 pm EST"
223867,Amended - Probation and Parole Officer (1),Ministry of the Solicitor General,"$1,506.53  - $1,861.87 Per Week","Sault Ste Marie, North Region","Thursday, December 19, 2024 11:59 pm EST"
222462,Amended - Research Analyst (1),Ministry of Education,"$71,563.00  - $100,052.00 Per Year","Toronto, Toronto Region","Friday, December 20, 2024 11:59 pm EST"
223587,Amended - Lead Developer (1),Ministry of Public and Business Service Delivery and Procurement,"$1,512.75  - $1,933.38 Per Week","Oshawa, Central Region; Toronto, Toronto Region","Wednesday, December 18, 2024 11:59 pm EST"
223873,American Sign Language (ASL) - English Interpreter (4),Ministry of Education,"$1,569.09  - $1,964.16 Per Week","Belleville, East Region","Friday, December 20, 2024 11:59 pm EST"
223180,Aquatic Research Biologist (1),Ministry of Natural Resources,"$1,272.74  - $1,539.11 Per Week","Picton, East Region","Wednesday, December 18, 2024 11:59 pm EST"
224002,Court Officer (1),Ministry of the Solicitor General,$35.43  - $40.84 Per Hour,"St Thomas, West Region","Wednesday, December 18, 2024 11:59 pm EST"
221213,Transportation Technician (Eastern) (4),Ministry of Transportation,"$1,032.77  - $1,250.61 Per Week","Bancroft, Kingston, Ottawa, Peterborough, East Region","Tuesday, December 17, 2024 11:59 pm EST"
223015,Assistant Health Care Manager (1),Ministry of the Solicitor General,"$82,217.00  - $121,155.00 Per Year","Sudbury, North Region","Friday, January 3, 2025 11:59 pm EST"
222227,"Team Lead, Organizational Culture and People Engagement (1)",Ministry of Public and Business Service Delivery and Procurement,"$88,496.00  - $128,625.00 Per Year","Toronto, Toronto Region","Tuesday, January 7, 2025 11:59 pm EST"
224340,American Sign Language (ASL) - English Interpreter (1),Ministry of Education,"$1,569.09  - $1,964.16 Per Week","London, West Region","Monday, December 23, 2024 11:59 pm EST"
223586,Business Analyst (1),Ministry of Education,"$76,231.00  - $109,842.00 Per Year","Toronto, Toronto Region","Monday, December 30, 2024 11:59 pm EST"
224205,Caseworker (11),"Ministry of Children, Community and Social Services","$1,345.09  - $1,615.77 Per Week","North York, Scarborough, Toronto, Toronto Region","Monday, December 23, 2024 11:59 pm EST"
224399,CL-415 Co-Pilot (3),Ministry of Natural Resources,"$1,401.64  - $1,704.54 Per Week","Dryden, Thunder Bay, North Region","Friday, January 24, 2025 11:59 pm EST"
223585,Corridor Management Officer (1),Ministry of Transportation,"$1,346.28  - $1,692.30 Per Week","Dryden, Kenora, Thunder Bay, North Region","Monday, December 23, 2024 11:59 pm EST"
224449,"Director, Strategic Planning, Coordination and Intergovernmental Affairs Branch (1)",Ministry of Education,"$152,593.00  - $192,232.00 Per Year","Toronto, Toronto Region","Wednesday, January 8, 2025 11:59 pm EST"
224446,"Director, Strategic Policy & Education Workforce Branch (1)",Ministry of Education,"$152,593.00  - $192,232.00 Per Year","Toronto, Toronto Region","Wednesday, January 8, 2025 11:59 pm EST"
223819,Head Gate Attendant (1),"Ministry of the Environment, Conservation and Parks",$24.67  - $28.59 Per Hour,"Morpeth, West Region","Monday, December 23, 2024 11:59 pm EST"
224015,Hygiene Consultant (1),"Ministry of Labour, Immigration, Training and Skills Development","$1,648.02  - $2,144.77 Per Week","Windsor, West Region","Monday, January 6, 2025 11:59 pm EST"
224173,Security Control Administrator (1),Ministry of Health,$26.92  - $31.31 Per Hour,"Kingston, East Region","Wednesday, December 18, 2024 11:59 pm EST"
218080,Senior Administration Advisor-Mainframe (1),Ministry of Public and Business Service Delivery and Procurement,"$1,852.71  - $2,314.51 Per Week","Oshawa, Central Region; Kingston, Peterborough, East Region; North Bay, Thunder Bay, North Region; Toronto, Toronto Region; Guelph, St Catharines, West Region","Thursday, January 2, 2025 11:59 pm EST"
222956,Senior Automation and Integration Specialist (1),Ministry of Public and Business Service Delivery and Procurement,"$1,852.71  - $2,314.51 Per Week","Toronto, Toronto Region","Wednesday, December 18, 2024 11:59 pm EST"
222836,Senior Economic Advisor (1),"Ministry of the Environment, Conservation and Parks","$82,217.00  - $121,155.00 Per Year","Toronto, Toronto Region","Friday, January 10, 2025 11:59 pm EST"
223396,Senior Nurse (1),Ministry of the Solicitor General,"$1,684.03  - $2,418.51 Per Week","Penetanguishene, Central Region","Friday, December 20, 2024 11:59 pm EST"
223000,Senior Policy Advisor (1),Ministry of Health,"$82,217.00  - $121,155.00 Per Year","Toronto, Toronto Region","Wednesday, December 18, 2024 11:59 pm EST"
223280,Senior Program Support Assistant (2),Ministry of the Attorney General,$26.92  - $31.31 Per Hour,"Hamilton, London, West Region","Wednesday, December 18, 2024 11:59 pm EST"
223709,Student – Adult and Youth Probation Jobs (19),Various Ministries,$17.20  - $18.05 Per Hour,"Mississauga, Oshawa, Whitby, Central Region; Cornwall, Kingston, Ottawa, East Region; North Bay, South Porcupine, Thunder Bay, North Region; Scarborough, Toronto, Toronto Region; Guelph, Hamilton, London, St Catharines, West Region","Saturday, January 18, 2025 11:59 pm EST"
223817,Student – Agriculture Development (Field Crops Jobs) (14),Various Ministries,$18.05  - $18.05 Per Hour,"Lindsay, East Region; Guelph, London, Ridgetown, West Region","Saturday, January 11, 2025 11:59 pm EST"
223816,Student – Agriculture Development (Horticulture Jobs) (21),Various Ministries,$18.05  - $18.05 Per Hour,"Guelph, Harrow, Ridgetown, Simcoe, Vineland, West Region","Saturday, January 11, 2025 11:59 pm EST"
223263,Project Analyst (1),Ministry of Energy,"$71,563.00  - $100,052.00 Per Year","Toronto, Toronto Region","Tuesday, December 31, 2024 11:59 pm EST"
223837,Project Management Coordinator (1),"Ministry of Tourism, Culture and Gaming","$1,373.31  - $1,732.13 Per Week","Midland, Central Region","Friday, January 10, 2025 11:59 pm EST"
224267,Regional Development Advisor (1),"Ministry of Tourism, Culture and Gaming","$1,627.28  - $2,077.03 Per Week","London, West Region","Thursday, January 2, 2025 11:59 pm EST"
224348,Regional Systems Officer (1),Ministry of Public and Business Service Delivery and Procurement,"$1,408.64  - $1,773.85 Per Week","Brampton, Central Region","Tuesday, December 31, 2024 11:59 pm EST"
224440,Registration Services Representative - Open to all levels of experience (10),Ministry of Public and Business Service Delivery and Procurement,$28.14  - $32.82 Per Hour,"Barrie, Central Region; Belleville, Ottawa, East Region; Sudbury, Thunder Bay, North Region; Guelph, Kitchener, St Catharines, West Region","Tuesday, December 31, 2024 11:59 pm EST"
224644,Restricted to OPSEU-Represented Employees on Notice of Lay-off - Water and Wastewater Operator (1),Ontario Clean Water Agency,$27.92  - $31.06 Per Hour,"Southampton, West Region","Friday, December 27, 2024 11:59 pm EST"
224639,Restricted to OPSEU-Represented Employees on Notice of Lay-off - Water and Wastewater Technician (1),Ontario Clean Water Agency,$34.08  - $37.21 Per Hour,"Mississauga, Central Region","Friday, December 27, 2024 11:59 pm EST"
213928,"Senior Advisor, Policy and Strategy (1)",Ministry of Health,"$82,217.00  - $121,155.00 Per Year","Toronto, Toronto Region","Wednesday, January 8, 2025 11:59 pm EST"
224417,Senior Business Advisor (1),Ministry of Transportation,"$82,217.00  - $121,155.00 Per Year","Toronto, Toronto Region","Monday, January 6, 2025 11:59 pm EST"
224190,Senior I&IT Project Manager (1),Ministry of Public and Business Service Delivery and Procurement,"$88,496.00  - $141,350.00 Per Year","Toronto, Toronto Region","Tuesday, December 31, 2024 11:59 pm EST"
223655,"Program Advisor, Licensing and Compliance- Bilingual (English/French) (1)",Ministry of Education,"$1,444.55  - $1,771.45 Per Week","Milton, Central Region","Tuesday, December 17, 2024 11:59 pm EST"
224059,Program Specialist (1),Ministry of Long - Term Care,"$76,231.00  - $109,842.00 Per Year","Toronto, Toronto Region","Tuesday, December 17, 2024 11:59 pm EST"
223988,Senior Operational Policy Officer (1),Ministry of Transportation,"$1,524.02  - $1,906.11 Per Week","Toronto, Toronto Region","Tuesday, December 17, 2024 11:59 pm EST"
221491,Senior Policy Advisor (1),"Ministry of Economic Development, Job Creation and Trade","$82,217.00  - $121,155.00 Per Year","Toronto, Toronto Region","Tuesday, December 17, 2024 11:59 pm EST"
224075,"Senior Program Manager, Wastewater (1)",Ontario Clean Water Agency,"$87,125.00  - $130,681.00 Per Year","Mississauga, Central Region","Sunday, January 12, 2025 11:59 pm EST"
223942,"Senior Programs, Policy and Issues Coordinator (1)","Ministry of the Environment, Conservation and Parks","$82,217.00  - $121,155.00 Per Year","Toronto, Toronto Region","Tuesday, December 17, 2024 11:59 pm EST"
222046,Senior Project Management Consultant (1),Ministry of Health,"$82,217.00  - $121,155.00 Per Year","Toronto, Toronto Region","Tuesday, December 17, 2024 11:59 pm EST"
224159,Senior Research and Evaluation Advisor (1),Ontario Science Centre,"$82,217.00  - $121,155.00 Per Year","Toronto, Toronto Region","Tuesday, December 17, 2024 11:59 pm EST"
223375,Systems Analyst (1),Ministry of Education,"$1,628.82  - $2,104.14 Per Week","Milton, Central Region","Tuesday, December 17, 2024 11:59 pm EST"
223661,Team Lead (1),Ministry for Seniors and Accessibility,"$88,496.00  - $128,625.00 Per Year","Toronto, Toronto Region","Tuesday, December 17, 2024 11:59 pm EST"
224596,Corridor Management Senior Project Manager (2),Ministry of Transportation,"$82,217.00  - $121,155.00 Per Year","Kingston, East Region; North Bay, Thunder Bay, North Region; Toronto, Toronto Region; London, St Catharines, West Region","Tuesday, December 31, 2024 11:59 pm EST"
223364,Deputy Superintendent Performance and Financial management (1),Ministry of the Solicitor General,"$86,330.00  - $127,214.00 Per Year","Lindsay, East Region","Tuesday, January 7, 2025 11:59 pm EST"
223366,"Deputy Superintendent, Operations (1)",Ministry of the Solicitor General,"$86,330.00  - $127,214.00 Per Year","Lindsay, East Region","Tuesday, January 7, 2025 11:59 pm EST"
224238,Discharge Planner (Rehabilitation Officer) (2),Ministry of the Solicitor General,"$1,213.06  - $1,484.47 Per Week","Lindsay, East Region","Monday, December 30, 2024 11:59 pm EST"
224325,Judicial Secretary - Bilingual (English/French) (1),Ministry of the Attorney General,$29.53  - $34.75 Per Hour,"Ottawa, East Region","Tuesday, December 31, 2024 11:59 pm EST"
224388,Maintenance Coordinator (1),Ministry of Transportation,"$71,563.00  - $100,052.00 Per Year","Kanata, Ottawa, East Region","Monday, December 30, 2024 11:59 pm EST"
224515,Management Forester (4),Ministry of Natural Resources,"$1,272.74  - $1,705.03 Per Week","Red Lake, Sioux Lookout, North Region","Wednesday, January 15, 2025 11:59 pm EST"
224322,Project Analyst (1),Ministry of Transportation,"$76,231.00  - $109,842.00 Per Year","Toronto, Toronto Region","Monday, December 30, 2024 11:59 pm EST"
224318,Resources Clerk (1),Ministry of Natural Resources,$26.92  - $31.31 Per Hour,"Sioux Lookout, North Region","Friday, January 17, 2025 11:59 pm EST"
224155,Senior Financial Analyst (1),Ministry of Public and Business Service Delivery and Procurement,"$76,231.00  - $109,842.00 Per Year","Toronto, Toronto Region","Monday, December 30, 2024 11:59 pm EST"
222175,I&IT Business Consultant (1),Ministry of Public and Business Service Delivery and Procurement,"$82,217.00  - $121,155.00 Per Year","Toronto, Toronto Region","Friday, January 10, 2025 11:59 pm EST"
223790,Integrated Resources Management (IRM) Technical Specialist (2),Ministry of Natural Resources,"$1,265.02  - $1,452.35 Per Week","Atikokan, Dryden, Fort Frances, North Region","Monday, December 23, 2024 11:59 pm EST"
224314,Integrated Resources Management (IRM) Technical Specialist (1),Ministry of Natural Resources,"$1,265.02  - $1,452.35 Per Week","Red Lake, North Region","Friday, January 10, 2025 11:59 pm EST"
222928,Licensing and Information Officer (1),Ministry of Citizenship and Multiculturalism,"$1,502.28  - $1,928.81 Per Week","Toronto, Toronto Region","Monday, December 23, 2024 11:59 pm EST"
224049,Management Biologist (1),Ministry of Natural Resources,"$1,380.35  - $1,705.03 Per Week","Ignace, Thunder Bay, North Region","Friday, January 3, 2025 11:59 pm EST"
223922,"Manager, Noise Approvals and Manager, Air Approvals (2)","Ministry of the Environment, Conservation and Parks","$104,624.00  - $157,360.00 Per Year","Toronto, Toronto Region","Monday, December 23, 2024 11:59 pm EST"
224235,"Manager, Technical Delivery System  (3 years) (1)",Legal Aid Ontario,Not Available,"Toronto, Toronto Region","Monday, December 23, 2024 11:59 pm EST"
224213,ODSP Administrative Support Clerk - 5 Unilingual (English) and 1 Bilingual (English/French) (6),"Ministry of Children, Community and Social Services",$26.92  - $31.31 Per Hour,"Scarborough, Toronto, Toronto Region","Monday, December 23, 2024 11:59 pm EST"
223698,Pesticides Scientist (1),"Ministry of the Environment, Conservation and Parks","$1,449.92  - $1,823.68 Per Week","Toronto, Toronto Region","Monday, December 23, 2024 11:59 pm EST"
223633,"Program Specialist, Public Education and Communications (1)",Ministry of the Solicitor General,"$1,720.66  - $2,164.29 Per Week","Toronto, Toronto Region","Monday, December 23, 2024 11:59 pm EST"
223814,Student – Agriculture Development (Livestock Jobs) (12),Various Ministries,$18.05  - $18.05 Per Hour,"Lindsay, East Region; Elora, Guelph, Stratford, West Region","Saturday, January 11, 2025 11:59 pm EST"
223674,Student – Agriculture Jobs (7),Various Ministries,$18.05  - $18.05 Per Hour,"Guelph, West Region","Monday, February 10, 2025 11:59 pm EST"
223748,Student – Architectural Conservation Assistant (1),Various Ministries,$18.05  - $18.05 Per Hour,"Toronto, Toronto Region","Tuesday, February 4, 2025 11:59 pm EST"
223747,Student – Assistant Archaeologist (1),Various Ministries,$18.05  - $18.05 Per Hour,"Toronto, Toronto Region","Tuesday, February 4, 2025 11:59 pm EST"
223762,Student – Assistant Forest Technician (28),Various Ministries,$18.05  - $18.05 Per Hour,"Pembroke, Peterborough, East Region; Kenora, North Bay, Sault Ste Marie, South Porcupine, Thunder Bay, North Region; London, West Region","Monday, February 17, 2025 11:59 pm EST"
223802,Student – Assistant Resource Management Technician (32),Various Ministries,$18.05  - $18.05 Per Hour,"Aurora, Bracebridge, Midhurst, Central Region; Bancroft, Minden, Pembroke, East Region; Atikokan, Blind River, Cochrane, Chapleau, Dryden, Fort Frances, Hearst, Ignace, Kenora, Kapuskasing, Kirkland Lake, North Bay, Parry Sound, Red Lake, Sudbury, South Porcupine, Sioux Lookout, Wawa, North Region; Aylmer, Owen Sound, West Region","Tuesday, January 28, 2025 11:59 pm EST"
223738,Student – Assistant Victim Services Aide (4),Various Ministries,$17.20  - $17.20 Per Hour,"Brockville, East Region; North Bay, North Region; Toronto, Toronto Region; Brantford, West Region","Tuesday, January 28, 2025 11:59 pm EST"
223751,Student – Assistant Water Resources Technician (3),Various Ministries,$18.05  - $18.05 Per Hour,"Kingston, Peterborough, East Region","Tuesday, February 11, 2025 11:59 pm EST"
223820,Student – Business and Finance Assistant (80),Various Ministries,$17.20  - $18.05 Per Hour,"Orillia, Oshawa, Central Region; Kingston, Peterborough, East Region; Dryden, Fort Frances, North Bay, Sudbury, Sault Ste Marie, Thunder Bay, North Region; Downsview, North York, Toronto, Toronto Region; Guelph, Hamilton, St Catharines, West Region","Monday, February 3, 2025 11:59 pm EST"
223771,Student – Chemical Analyst (5),Various Ministries,$18.05  - $18.05 Per Hour,"Dorset, Central Region; Sault Ste Marie, North Region; Etobicoke, Toronto Region","Tuesday, January 21, 2025 11:59 pm EST"
224219,Transportation Enforcement Officer (West) (6),Ministry of Transportation,"$1,399.16  - $1,578.89 Per Week","Essex, Owen Sound, Plympton, Waterloo, West Region","Monday, January 6, 2025 11:59 pm EST"
224227,Transportation Enforcement Officer - Indigenous (2),Ministry of Transportation,"$1,399.16  - $1,578.89 Per Week","Ottawa, East Region; Plympton, West Region","Monday, January 6, 2025 11:59 pm EST"
224226,Transportation Enforcement Officer – Bilingual (English/French) (5),Ministry of Transportation,"$1,399.16  - $1,578.89 Per Week","Ottawa, East Region; Essex, Plympton, Vineland, West Region","Monday, January 6, 2025 11:59 pm EST"
224627,Travel and Correspondence Coordinator (1),Ministry of the Solicitor General,$33.20  - $37.88 Per Hour,"Orillia, Central Region","Thursday, December 26, 2024 11:59 pm EST"
224101,Administrative Assistant (1),Ministry of the Attorney General,$28.14  - $32.82 Per Hour,"Toronto, Toronto Region","Friday, December 27, 2024 11:59 pm EST"
224188,Ambulance Communications Officer (4),Ministry of Health,$37.36  - $45.69 Per Hour,"Hamilton, West Region","Friday, December 27, 2024 11:59 pm EST"
224019,"Assistant Deputy Minister, Employee Relations and Negotiations (1)",Treasury Board Secretariat,"$192,199.00  - $242,139.00 Per Year","Toronto, Toronto Region","Friday, December 27, 2024 11:59 pm EST"
224137,Assistant Formulary Publication Clerk (1),Ministry of Health,$26.92  - $31.31 Per Hour,"North York, Toronto Region","Tuesday, January 7, 2025 11:59 pm EST"
223908,Case Management Coordinator (1),Ministry of the Attorney General,$34.89  - $41.77 Per Hour,"Toronto, Toronto Region","Friday, December 27, 2024 11:59 pm EST"
223020,Compliance Inspector - Unilingual (English) and Bilingual (English/French) (13),Ministry of Public and Business Service Delivery and Procurement,"$1,348.50  - $1,687.23 Per Week","North Bay, North Region; Toronto, Toronto Region","Friday, January 17, 2025 11:59 pm EST"
